hull_id,hull_name,hull_manufacturer,hull_length,hull_width,hull_height,hull_fuel_tank,barrel_id,barrel_name
216,HULL_YPK_126,Qatar,18.0,13.0,23.0,268.0,,
129,HULL_HVF_66238528,Zimbabwe,12.0,17.0,24.0,268.0,,
949,HULL_OGSMFFWV_546,Abkhazia,19.0,8.0,15.0,265.0,,
1,HULL_YABDHQB_51614,Chad,24.0,25.0,6.0,263.0,,
214,HULL_AWJ_733483,Serbia,24.0,10.0,23.0,259.0,,
855,HULL_IFHA_11136813,Namibia,5.0,20.0,13.0,262.0,,
640,HULL_FVDNMKSG_265663,Monaco,21.0,12.0,8.0,255.0,,
699,HULL_CDGLXIFOBA_3734854657,Mauritania,24.0,12.0,20.0,269.0,,
941,HULL_VFPL_658,Сахара,18.0,7.0,16.0,265.0,,
702,HULL_INIVWSF_8182,Tajikistan,15.0,15.0,8.0,269.0,,
705,HULL_JMAWTTRLLT_3674716,Singapore,13.0,13.0,21.0,251.0,,
707,HULL_LVUTBQSO_6647312,Israel,8.0,8.0,12.0,252.0,,
710,HULL_XQCJ_2334124614,Maldives,23.0,18.0,6.0,262.0,,
712,HULL_UNGUGB_318851777,Zimbabwe,5.0,16.0,20.0,256.0,,
714,HULL_PUQCXABABC_812261587,Senegal,8.0,13.0,8.0,255.0,,
968,HULL_KVXK_882523125,Slovakia,9.0,16.0,14.0,257.0,,
508,HULL_FQSVJLHKJ_7171,United,13.0,18.0,11.0,268.0,,
499,HULL_EXEUXNU_38138,Tunisia,10.0,22.0,19.0,262.0,,
0,HULL_HGTOVRET_226627,Viet,5.0,24.0,24.0,263.0,,
497,HULL_DXGGPDYRM_244,Czech,15.0,7.0,21.0,256.0,,
194,HULL_PPJWKUIS_71154,Czech,10.0,18.0,14.0,252.0,,
196,HULL_GHGI_567343662,Somalia,23.0,22.0,21.0,258.0,,
938,HULL_EYYGRKGHE_17418835,Croatia,17.0,25.0,20.0,251.0,,
10,HULL_SBQABUBY_6867155672,United,25.0,11.0,20.0,260.0,,
12,HULL_CTKBQKT_465136,Peru,13.0,12.0,9.0,254.0,,
14,HULL_KGBHWO_5658443638,Croatia,23.0,21.0,5.0,267.0,,
567,HULL_CFPEFUO_1847,Indonesia,12.0,18.0,14.0,264.0,,
570,HULL_WMHJQTB_2173561,Kiribati,14.0,17.0,21.0,254.0,,
577,HULL_BHQEFIQ_8682687,Costa,9.0,13.0,18.0,259.0,,
723,HULL_HDSSRD_73577,Guatemala,12.0,23.0,11.0,264.0,,
82,HULL_LVNICN_8582,Abkhazia,24.0,11.0,17.0,260.0,,
278,HULL_OEFUSWLG_682,Eritrea,6.0,7.0,24.0,266.0,,
584,HULL_RFCWT_6132412357,Зеландия,18.0,8.0,7.0,270.0,,
60,HULL_GQMSKVAPMN_5236134,Austria,11.0,24.0,24.0,263.0,,
607,HULL_FRFCWCBAU_86527,Serbia,24.0,6.0,16.0,264.0,,
587,HULL_KCLY_1152555,Mozambique,5.0,22.0,20.0,263.0,,
589,HULL_DVULTYAQJO_364476332,Netherlands,17.0,23.0,12.0,260.0,,
594,HULL_JKPVDSHF_3855513,Guinea-Bissau,7.0,10.0,19.0,253.0,,
952,HULL_BCF_174648232,Mozambique,16.0,21.0,8.0,261.0,,
954,HULL_HMH_3577817,Dominica,16.0,24.0,15.0,254.0,,
956,HULL_OAAGAEOSHX_2336858,Venezuela,16.0,20.0,12.0,263.0,,
957,HULL_WNE_5543863345,Yemen,5.0,10.0,11.0,253.0,,
959,HULL_PTGJ_74115,Benin,13.0,14.0,24.0,264.0,,
568,HULL_WYJ_482,Kenya,8.0,5.0,25.0,264.0,,
58,HULL_WHOQXEFJ_852173,India,5.0,23.0,20.0,253.0,,
683,HULL_FNUBGNQNWE_345,Hungary,10.0,20.0,6.0,256.0,,
999,HULL_TQJABPIC_546413,Montenegro,7.0,11.0,8.0,263.0,,
30,HULL_JGLSYX_522823,Russia,8.0,15.0,22.0,267.0,,
32,HULL_IWOS_24725,Burundi,9.0,7.0,9.0,258.0,,
34,HULL_QHHWACFPQ_5378365,Somalia,23.0,8.0,22.0,266.0,,
307,HULL_NSC_78284,Viet,20.0,21.0,15.0,256.0,,
37,HULL_WFC_6132,Estonia,14.0,22.0,10.0,268.0,,
39,HULL_ISFXAIL_4415423,Fiji,9.0,11.0,11.0,264.0,,
44,HULL_EPJWUOVMOG_348638,Montenegro,20.0,5.0,21.0,259.0,,
46,HULL_VMIL_8488133,Monaco,15.0,25.0,5.0,258.0,,
998,HULL_XOLSQM_6337,San,11.0,15.0,21.0,271.0,,
346,HULL_CUGBVDTJ_333,Sudan,14.0,23.0,11.0,260.0,,
493,HULL_UJBGMG_378331,France,13.0,17.0,25.0,265.0,,
615,HULL_QEFHHF_254282615,Kenya,10.0,24.0,15.0,257.0,,
49,HULL_OQSBN_1517734,Honduras,11.0,10.0,22.0,268.0,,
51,HULL_VRXF_1224647,Costa,25.0,9.0,9.0,268.0,,
321,HULL_UJVT_62843726,San,17.0,6.0,6.0,251.0,,
323,HULL_MCWKXWP_64411,Greenland,25.0,23.0,22.0,257.0,,
325,HULL_LDTLQIOYC_647132,Ireland,18.0,17.0,23.0,251.0,,
326,HULL_HKWRX_62567734,Gambia,20.0,7.0,24.0,258.0,,
328,HULL_TIDNBUMVBW_315,Kiribati,6.0,5.0,11.0,265.0,,
330,HULL_HISB_2284372277,Azerbaijan,7.0,14.0,7.0,267.0,,
840,HULL_FVEQFQ_313,Japan,15.0,16.0,25.0,256.0,,
150,HULL_YRF_243545871,Angola,25.0,18.0,10.0,267.0,,
152,HULL_OWBDNRSAY_6856281,Romania,22.0,22.0,15.0,252.0,,
241,HULL_EUHWXAOOXC_4136,Chad,10.0,20.0,22.0,267.0,,
125,HULL_UMWMYIAX_881,China,6.0,16.0,12.0,271.0,,
41,HULL_ERMOALARI_288613,Malaysia,13.0,13.0,14.0,251.0,,
236,HULL_IFLXMMB_73161,Monaco,10.0,14.0,16.0,270.0,,
227,HULL_QDL_7481,Niger,20.0,25.0,25.0,255.0,,
105,HULL_TNKMCPSX_428,Зеландия,9.0,15.0,14.0,254.0,,
332,HULL_TODUSOA_8118377,Anguilla,7.0,12.0,10.0,264.0,,
310,HULL_YXHW_2183,Iraq,22.0,21.0,24.0,260.0,,
333,HULL_KFOHHL_1165835,Israel,22.0,15.0,21.0,259.0,,
335,HULL_BLJKRWF_3411,Peru,19.0,18.0,8.0,256.0,,
338,HULL_VWFUPWUWU_2668,Ireland,5.0,6.0,13.0,262.0,,
391,HULL_FFKTH_263641,Belarus,6.0,14.0,13.0,258.0,,
394,HULL_IJQV_7874241,Afghanistan,6.0,17.0,8.0,251.0,,
400,HULL_JEIALUORPL_75142211,Australia,12.0,17.0,20.0,255.0,,
401,HULL_SJAMKUMGDH_67253781,Bulgaria,18.0,20.0,14.0,257.0,,
403,HULL_DNFUBGKIA_6313165,Аравия,11.0,5.0,18.0,262.0,,
632,HULL_YSXIXIX_1336417621,Azerbaijan,17.0,17.0,11.0,261.0,,
634,HULL_HWRYAWCVT_3231135167,Brunei,13.0,19.0,22.0,266.0,,
636,HULL_PTSS_4765524755,Liechtenstein,9.0,8.0,15.0,258.0,,
642,HULL_MEFSVV_261253,Madagascar,8.0,17.0,6.0,267.0,,
645,HULL_SMSXUOS_67664,Chad,5.0,11.0,14.0,260.0,,
647,HULL_TAN_134754542,Anguilla,22.0,8.0,23.0,270.0,,
649,HULL_XNSNSUYH_456118,Burundi,5.0,10.0,19.0,256.0,,
652,HULL_EBLRAQA_618771843,Namibia,16.0,11.0,23.0,270.0,,
654,HULL_YFXPWKHSX_56746336,Malaysia,21.0,23.0,22.0,270.0,,
657,HULL_WUXXOVIV_522,Germany,8.0,5.0,17.0,267.0,,
659,HULL_TWOCPND_385613218,Maldives,15.0,5.0,12.0,256.0,,
661,HULL_IPUHOTAAK_113663,Serbia,5.0,11.0,5.0,262.0,,
664,HULL_EQX_721262,Chile,11.0,17.0,23.0,269.0,,
666,HULL_YCKCRVO_56716823,Belarus,10.0,18.0,14.0,271.0,,
669,HULL_MYBNQ_76464666,Sweden,7.0,24.0,20.0,270.0,,
671,HULL_YEKO_8374,Bahrain,22.0,9.0,15.0,251.0,,
676,HULL_OBSQBT_3447418661,Guinea,12.0,9.0,12.0,265.0,,
678,HULL_PYBSN_2288366446,Зеландия,10.0,13.0,12.0,262.0,,
681,HULL_UNOAPXC_2828,Bolivia,13.0,19.0,21.0,264.0,,
688,HULL_OYKS_647828856,Benin,20.0,5.0,19.0,251.0,,
958,HULL_MEDV_1817,France,8.0,19.0,23.0,265.0,,
200,HULL_AGYTEWUG_35178625,Uzbekistan,25.0,16.0,12.0,252.0,,
201,HULL_UFEGABGQ_3323,Cote,25.0,20.0,7.0,255.0,,
203,HULL_MTWPJW_113874156,Angola,8.0,17.0,16.0,267.0,,
205,HULL_FVKCC_57466841,Kazakhstan,17.0,12.0,15.0,261.0,,
206,HULL_XJGE_518516342,China,11.0,21.0,21.0,263.0,,
208,HULL_ROCWIT_124,Israel,8.0,18.0,13.0,257.0,,
210,HULL_QMMF_1433253228,Philippines,17.0,11.0,17.0,257.0,,
218,HULL_RIVINIUBN_77283672,Gabon,9.0,13.0,5.0,271.0,,
220,HULL_JLNF_543533472,Indonesia,12.0,18.0,17.0,269.0,,
223,HULL_OSSKYY_7758,Luxembourg,9.0,16.0,9.0,254.0,,
225,HULL_THAG_7562,Guadeloupe,21.0,19.0,12.0,253.0,,
228,HULL_NNXLJWODBM_8828,Greece,24.0,17.0,6.0,268.0,,
230,HULL_BNCQKB_8322137,Macedonia,7.0,17.0,24.0,271.0,,
418,HULL_PTW_32186813,San,22.0,21.0,11.0,258.0,,
894,HULL_STNXO_8857,Netherlands,16.0,9.0,19.0,269.0,,
599,HULL_RSOH_4181156,Kyrgyzstan,13.0,24.0,20.0,253.0,,
601,HULL_UGJSUPX_6861243676,Malaysia,17.0,13.0,10.0,252.0,,
618,HULL_HUFTDBHS_237,Canada,9.0,22.0,11.0,264.0,,
43,HULL_RIJRRV_6538,Ecuador,18.0,25.0,6.0,263.0,,
388,HULL_PIBIBT_663846886,Chad,12.0,8.0,22.0,252.0,,
48,HULL_LCTXCBCOST_5378,United,15.0,12.0,20.0,261.0,,
620,HULL_YDK_62567,Gabon,23.0,17.0,8.0,255.0,,
623,HULL_AMLPH_812485254,Tanzania,6.0,6.0,15.0,260.0,,
311,HULL_LTWPG_716286,Latvia,22.0,5.0,20.0,268.0,,
574,HULL_PXQJOTOUNV_627632117,Botswana,13.0,13.0,19.0,259.0,,
625,HULL_YXHTUIMUU_41817725,Libyan,8.0,24.0,8.0,261.0,,
628,HULL_XOCGXU_1474,Azerbaijan,18.0,5.0,24.0,251.0,,
630,HULL_AFQNTX_4732,Syrian,9.0,10.0,18.0,267.0,,
556,HULL_FPKMMVJNQX_571821,Guadeloupe,13.0,13.0,15.0,268.0,,
558,HULL_AAW_667,Kazakhstan,12.0,25.0,16.0,262.0,,
943,HULL_LBGOENABG_81434,Argentina,18.0,6.0,12.0,264.0,,
533,HULL_FCT_61247511,Lebanon,7.0,11.0,20.0,253.0,,
946,HULL_TIHLUQBOEG_653775,Yemen,17.0,10.0,12.0,264.0,,
186,HULL_JIIIOW_8332,Kuwait,13.0,23.0,10.0,264.0,,
621,HULL_HIBWS_686332723,Mongolia,8.0,20.0,14.0,256.0,,
178,HULL_SAIS_7566317,Thailand,23.0,8.0,16.0,258.0,,
334,HULL_INRXAWSUID_5443475,Guadeloupe,18.0,13.0,18.0,259.0,,
871,HULL_FHCYQRCXVP_1844678,Philippines,9.0,8.0,22.0,262.0,,
760,HULL_KJS_25282,Ghana,24.0,23.0,14.0,257.0,,
103,HULL_ASI_124586,Egypt,22.0,17.0,24.0,251.0,,
604,HULL_GMCRQWDUF_144112,Mongolia,11.0,12.0,20.0,255.0,,
606,HULL_SQOMT_3136735,Malta,17.0,18.0,6.0,269.0,,
608,HULL_XXDFARP_43481,Morocco,17.0,17.0,24.0,262.0,,
611,HULL_SGOGLWRIO_57816,Belgium,15.0,10.0,6.0,263.0,,
212,HULL_WHO_155137,Malawi,15.0,19.0,23.0,266.0,,
211,HULL_PDAEW_8468266171,Argentina,16.0,20.0,25.0,269.0,,
215,HULL_BHYCKTYVHO_457,Macedonia,22.0,19.0,12.0,255.0,,
217,HULL_JGKF_73675723,Bahrain,5.0,16.0,12.0,251.0,,
219,HULL_XVKDMUQO_44784345,Cameroon,10.0,15.0,24.0,253.0,,
221,HULL_HIVCEB_658,Turkmenistan,15.0,6.0,8.0,263.0,,
222,HULL_GUDEH_357685825,China,5.0,18.0,7.0,263.0,,
224,HULL_CHWMQAP_358368,Algeria,12.0,16.0,25.0,251.0,,
226,HULL_IUFSEKOJV_448,Kazakhstan,7.0,8.0,21.0,254.0,,
250,HULL_EMCJQHV_447327,Зеландия,23.0,15.0,5.0,256.0,,
252,HULL_SHMXBVC_85144,Belarus,16.0,6.0,12.0,251.0,,
253,HULL_AQXDPB_1265556533,Ukraine,7.0,11.0,13.0,269.0,,
189,HULL_YIJIUVIEX_23863,Italy,15.0,12.0,24.0,1110.9755859375,,
259,HULL_YXN_5182755468,Latvia,22.0,16.0,10.0,261.0,,
261,HULL_UGTTDR_2476277,China,18.0,22.0,14.0,266.0,,
141,HULL_VNVCNF_464835,Malawi,20.0,9.0,25.0,267.0,,
143,HULL_LDJ_6815282284,Gabon,5.0,13.0,22.0,255.0,,
145,HULL_SSKWCYUEUD_1541,Зеландия,8.0,6.0,8.0,270.0,,
147,HULL_LNIGGCQ_25656672,Guatemala,22.0,5.0,16.0,252.0,,
148,HULL_LIND_2741,Zambia,21.0,23.0,24.0,256.0,,
393,HULL_BRCXW_7387483738,Albania,5.0,21.0,22.0,271.0,,
294,HULL_COAUJNPX_5187711,Tanzania,10.0,6.0,23.0,255.0,,
296,HULL_IIMOEY_87188287,Chad,13.0,5.0,16.0,255.0,,
297,HULL_WSSCMCJ_184463764,Mauritius,10.0,18.0,17.0,256.0,,
299,HULL_STPHEODX_5756713688,United,9.0,8.0,7.0,268.0,,
5,HULL_MXLDLXQUQ_11784,Pakistan,18.0,15.0,21.0,264.0,,
301,HULL_LAAWDC_435,Germany,9.0,25.0,16.0,254.0,,
302,HULL_PSJ_412182,Bahrain,12.0,25.0,9.0,267.0,,
304,HULL_DYJTBCEGH_36658227,Республика,20.0,15.0,23.0,262.0,,
306,HULL_KIAHKU_1152446748,Ukraine,10.0,24.0,19.0,254.0,,
309,HULL_GQBAYPADUL_2247367676,Ethiopia,12.0,16.0,20.0,262.0,,
313,HULL_MSSSEGNJ_85125,Morocco,11.0,13.0,7.0,254.0,,
314,HULL_WRTALMMXG_427816,Aruba,20.0,11.0,8.0,254.0,,
318,HULL_MEVWVR_673145272,United,21.0,11.0,8.0,258.0,,
320,HULL_PBEWERVT_4718652,India,11.0,25.0,23.0,253.0,,
404,HULL_WOGTE_235,Germany,5.0,18.0,16.0,261.0,,
406,HULL_GCGPBA_5431571,Oman,12.0,7.0,9.0,259.0,,
408,HULL_HEBGTTC_467335,Netherlands,19.0,20.0,16.0,259.0,,
411,HULL_YVBSRCOQ_511676,Iraq,22.0,17.0,9.0,271.0,,
413,HULL_DHEVQSYV_3285721,Argentina,22.0,15.0,12.0,257.0,,
415,HULL_GEI_5457716,Gabon,19.0,25.0,14.0,267.0,,
416,HULL_UMLC_24468226,Barbados,8.0,14.0,18.0,270.0,,
102,HULL_XLE_44727,Turkmenistan,24.0,7.0,19.0,255.0,,
104,HULL_ERX_41334315,Indonesia,24.0,22.0,12.0,266.0,,
106,HULL_RONCCVR_17358,Uruguay,9.0,5.0,13.0,256.0,,
638,HULL_TLUSBDG_281331,Kuwait,6.0,11.0,6.0,258.0,,
107,HULL_APNA_712277,Mongolia,5.0,8.0,14.0,265.0,,
109,HULL_ELKEHOXXQB_556,Tunisia,5.0,13.0,15.0,271.0,,
111,HULL_GYFEOYQ_763144,Bolivia,13.0,5.0,11.0,251.0,,
113,HULL_IKOIUCBRS_573,Panama,5.0,7.0,23.0,265.0,,
114,HULL_MDMN_7214634,Azerbaijan,20.0,10.0,10.0,266.0,,
116,HULL_XWDERAT_227,Liberia,19.0,15.0,11.0,255.0,,
733,HULL_PNJRI_8445127,Barbados,22.0,24.0,10.0,271.0,,
118,HULL_PRTWTS_167375256,Thailand,19.0,13.0,14.0,252.0,,
521,HULL_EGMWHFJX_66232887,Guadeloupe,10.0,24.0,24.0,252.0,,
522,HULL_WEYAHB_7764,Botswana,11.0,14.0,16.0,256.0,,
155,HULL_RQEIYKN_73764416,Barbados,13.0,25.0,22.0,264.0,,
157,HULL_EKERDQ_283281548,Syrian,6.0,21.0,12.0,270.0,,
158,HULL_NCHMHT_2783,Bolivia,9.0,8.0,12.0,261.0,,
160,HULL_WANS_2818,Canada,11.0,20.0,6.0,267.0,,
162,HULL_JHEENID_525854,United,11.0,8.0,18.0,265.0,,
164,HULL_STV_6667771,острова,14.0,19.0,10.0,268.0,,
166,HULL_PDN_4346,Zambia,5.0,24.0,22.0,253.0,,
167,HULL_BEFRBG_221785781,Paraguay,17.0,12.0,12.0,257.0,,
169,HULL_SIRTE_457336,Macedonia,6.0,18.0,15.0,255.0,,
170,HULL_CUEODPT_878,Philippines,25.0,25.0,7.0,255.0,,
172,HULL_CFQHKUEMM_64771,Ghana,7.0,24.0,8.0,262.0,,
175,HULL_SXQSGPE_646641,Slovenia,19.0,17.0,16.0,265.0,,
177,HULL_EFPQELAS_832,Belarus,15.0,17.0,14.0,263.0,,
874,HULL_DMGUILXRQ_3647341,Ethiopia,12.0,20.0,24.0,251.0,,
422,HULL_EQPXAQUGTH_48226,Jamaica,19.0,17.0,15.0,261.0,,
35,HULL_YAU_7723,Uzbekistan,15.0,14.0,13.0,251.0,,
423,HULL_OQBPJS_421171,Sweden,9.0,13.0,23.0,264.0,,
425,HULL_FFKPULPO_631325386,Serbia,16.0,20.0,11.0,266.0,,
427,HULL_QHA_7353311126,USA,18.0,8.0,16.0,264.0,,
428,HULL_RVPXSOOP_3385,Cote,9.0,15.0,15.0,271.0,,
430,HULL_CLINSJS_476,Mali,24.0,7.0,5.0,266.0,,
973,HULL_JRYV_1348,Aruba,9.0,23.0,15.0,257.0,,
432,HULL_JSHP_586154538,Australia,20.0,8.0,12.0,257.0,,
434,HULL_XNG_833,Thailand,13.0,14.0,15.0,263.0,,
435,HULL_MDGFXGAKD_77758,Canada,22.0,10.0,13.0,260.0,,
437,HULL_HUAG_354785,Montenegro,13.0,17.0,8.0,271.0,,
439,HULL_SIPTLAV_5243,Estonia,24.0,19.0,20.0,256.0,,
441,HULL_SNK_127268624,Guam,22.0,18.0,18.0,266.0,,
442,HULL_GQMSV_637836573,Luxembourg,9.0,14.0,12.0,264.0,,
444,HULL_VFBEK_8185,Singapore,10.0,23.0,23.0,257.0,,
446,HULL_ODWDTHXCC_73352246,Netherlands,8.0,9.0,24.0,264.0,,
758,HULL_ILQEIDR_6783278466,Республика,8.0,10.0,24.0,257.0,,
759,HULL_JUPW_81828,Slovakia,18.0,23.0,19.0,256.0,,
761,HULL_NYMKOKV_82675731,Anguilla,9.0,9.0,16.0,269.0,,
770,HULL_MVBTTWE_7824754544,Angola,8.0,9.0,17.0,253.0,,
771,HULL_FMSSFMV_25424424,Sudan,15.0,12.0,10.0,262.0,,
773,HULL_GRFOHNY_26868,Abkhazia,18.0,18.0,7.0,262.0,,
396,HULL_HEITGYE_25712,Spain,25.0,13.0,12.0,256.0,,
398,HULL_HXYI_2431672,Spain,11.0,24.0,7.0,268.0,,
229,HULL_KVWPRDDV_1781,Brazil,14.0,24.0,7.0,264.0,,
231,HULL_NRTASHQ_733552755,Australia,22.0,9.0,16.0,255.0,,
233,HULL_DCEVA_54583,Haiti,9.0,10.0,5.0,268.0,,
238,HULL_QRIX_388658621,Netherlands,18.0,5.0,15.0,267.0,,
240,HULL_HOVNOSTQ_845365,Vatican,11.0,8.0,25.0,255.0,,
165,HULL_HLAQBPNPPW_72612745,Зеландия,7.0,19.0,10.0,267.0,,
239,HULL_DDCSK_271117,Uzbekistan,9.0,23.0,8.0,255.0,,
257,HULL_HCDVAIMEO_6867216148,Зеландия,13.0,14.0,24.0,257.0,,
303,HULL_WQHTNBHVI_234136,Philippines,16.0,23.0,7.0,267.0,,
75,HULL_ENVOVCNITO_2121768146,Chad,14.0,14.0,13.0,256.0,,
76,HULL_JPWP_44872,Spain,9.0,21.0,18.0,257.0,,
78,HULL_RBBSLKSDJP_5576464815,Denmark,19.0,18.0,22.0,253.0,,
80,HULL_TDW_171563,Finland,7.0,22.0,13.0,255.0,,
81,HULL_UUXLFGRCPO_255,United,8.0,20.0,7.0,262.0,,
85,HULL_OKAD_626576286,Afghanistan,8.0,16.0,22.0,256.0,,
87,HULL_QPXH_134162238,Lao,21.0,22.0,13.0,263.0,,
31,HULL_UGUM_41633,China,11.0,17.0,15.0,267.0,,
686,HULL_EALGSQQ_412521,Bolivia,15.0,17.0,19.0,270.0,,
120,HULL_MAAP_654371318,Brunei,19.0,18.0,12.0,270.0,,
912,HULL_KRYTAEEY_5675485744,Montenegro,17.0,18.0,22.0,259.0,,
914,HULL_JODGKHCM_246,Denmark,7.0,20.0,6.0,271.0,,
916,HULL_QLALELP_22744,Germany,20.0,12.0,14.0,258.0,,
917,HULL_RFOFXXND_845534,острова,21.0,8.0,5.0,261.0,,
919,HULL_RSGVKW_853125,Mongolia,15.0,8.0,12.0,266.0,,
921,HULL_HTNSYPHD_763626,Tajikistan,6.0,11.0,18.0,265.0,,
922,HULL_AKLVJIWXOA_46314,Benin,13.0,9.0,17.0,251.0,,
924,HULL_IUWTVO_557433882,Venezuela,23.0,12.0,17.0,263.0,,
926,HULL_NCE_374828628,Libyan,5.0,11.0,24.0,266.0,,
928,HULL_DXAW_532488881,Greenland,8.0,23.0,17.0,254.0,,
930,HULL_CEVDPIJ_1368723556,Denmark,13.0,13.0,9.0,252.0,,
932,HULL_SLHMR_82733315,Anguilla,22.0,7.0,24.0,251.0,,
933,HULL_CCBN_528587268,Ghana,7.0,21.0,18.0,269.0,,
935,HULL_UXDVBVESJP_3387552,Niger,25.0,9.0,7.0,270.0,,
405,HULL_BHUWAUCC_25634686,Tajikistan,25.0,7.0,7.0,251.0,,
191,HULL_QFDS_243448823,Burundi,18.0,24.0,16.0,253.0,,
490,HULL_IEPOKFF_4441,Norway,18.0,17.0,10.0,258.0,,
837,HULL_EOGJBQAJN_4532,Namibia,14.0,12.0,7.0,260.0,,
937,HULL_BREKB_466565,Lebanon,8.0,24.0,5.0,253.0,,
939,HULL_PAQDROYD_4577483,Ireland,15.0,7.0,22.0,262.0,,
940,HULL_ESJ_5586,Argentina,10.0,20.0,25.0,251.0,,
942,HULL_DMTA_1438,Bangladesh,21.0,5.0,14.0,271.0,,
944,HULL_CVF_643264868,Monaco,15.0,5.0,22.0,252.0,,
945,HULL_BWJADH_22477818,Philippines,15.0,5.0,9.0,268.0,,
947,HULL_LBWS_352366,Macedonia,15.0,23.0,12.0,253.0,,
950,HULL_GHUIEDWQHG_32726746,Indonesia,17.0,21.0,5.0,269.0,,
970,HULL_VAAWYVRLNE_4415667,Luxembourg,18.0,22.0,19.0,264.0,,
971,HULL_GTSYUWTBJH_282,Moldova,23.0,5.0,14.0,257.0,,
975,HULL_JEVWDM_168,Singapore,17.0,12.0,12.0,267.0,,
977,HULL_TAGNXFHXB_867223113,Finland,22.0,11.0,15.0,268.0,,
978,HULL_VDQQSHBF_76818314,Philippines,13.0,16.0,25.0,254.0,,
153,HULL_DEPSKSRKBM_168166,Bangladesh,17.0,19.0,12.0,251.0,,
262,HULL_CRCSTRPV_5671423,Штаты,15.0,22.0,25.0,268.0,,
264,HULL_PPE_8482172631,Uzbekistan,25.0,9.0,21.0,252.0,,
266,HULL_EEI_6142653854,Pakistan,8.0,21.0,17.0,268.0,,
268,HULL_PIVSNTX_67332247,Тимор,8.0,18.0,21.0,255.0,,
271,HULL_VYYQYTPO_3317471481,Namibia,21.0,9.0,12.0,251.0,,
276,HULL_WRMVWHY_467537862,Ecuador,9.0,21.0,7.0,258.0,,
280,HULL_GNGCBFLIF_87354,Zimbabwe,13.0,20.0,10.0,268.0,,
283,HULL_FCORAHR_17571,Malta,24.0,10.0,21.0,252.0,,
285,HULL_TGFTLUJTM_3738474442,Dominica,12.0,17.0,8.0,266.0,,
287,HULL_UYFG_262146,Oman,18.0,8.0,18.0,251.0,,
289,HULL_YQNPGH_3224725337,Morocco,25.0,19.0,20.0,266.0,,
291,HULL_YPHONMQJ_3484557511,Belgium,5.0,13.0,23.0,258.0,,
292,HULL_IAWQLWV_581416,Liberia,5.0,25.0,9.0,270.0,,
340,HULL_JGBE_625674,Lithuania,22.0,18.0,10.0,251.0,,
342,HULL_FCR_442333417,Spain,15.0,19.0,9.0,258.0,,
343,HULL_AYQG_64557,Singapore,9.0,25.0,13.0,253.0,,
316,HULL_YTULECUQEL_6168,Macedonia,25.0,12.0,5.0,264.0,,
345,HULL_QVUU_88433155,Turkmenistan,22.0,5.0,17.0,267.0,,
347,HULL_ONXEMPHK_111453818,Sweden,23.0,24.0,9.0,254.0,,
349,HULL_TGP_543515,Luxembourg,9.0,20.0,23.0,268.0,,
350,HULL_LTPRK_464426,Kiribati,25.0,20.0,14.0,260.0,,
352,HULL_GDBBPIF_73172344,Montenegro,21.0,17.0,21.0,260.0,,
354,HULL_RCXKKYUIPG_533877478,Штаты,13.0,25.0,5.0,252.0,,
355,HULL_WSEXMTRI_183,Aruba,10.0,20.0,22.0,264.0,,
357,HULL_XMPSCOXL_66456346,Nepal,8.0,16.0,16.0,255.0,,
359,HULL_XGFFDUIRWI_677833568,Georgia,14.0,23.0,12.0,269.0,,
361,HULL_CPWUYYOM_826746262,Morocco,20.0,11.0,16.0,251.0,,
362,HULL_INTEENLPHV_7331,Fiji,9.0,16.0,25.0,259.0,,
364,HULL_IAOSG_361886,Jamaica,5.0,20.0,7.0,265.0,,
89,HULL_MCK_66584621,Mozambique,23.0,8.0,13.0,267.0,,
179,HULL_KHLP_6325282,Poland,6.0,24.0,12.0,267.0,,
180,HULL_ETCTDD_422,Gabon,20.0,9.0,8.0,255.0,,
182,HULL_VXIWNL_22785,Greece,10.0,6.0,10.0,269.0,,
184,HULL_YNQS_353476776,Ecuador,13.0,11.0,23.0,258.0,,
524,HULL_EHFYVQT_248535,Kazakhstan,8.0,17.0,5.0,262.0,,
90,HULL_CBR_7427,Greenland,12.0,19.0,13.0,268.0,,
92,HULL_GDEM_6736,Kenya,13.0,8.0,22.0,259.0,,
94,HULL_DSWUIADYRX_8861,Germany,22.0,17.0,25.0,260.0,,
948,HULL_FKWSUVULX_36235,Kyrgyzstan,15.0,17.0,19.0,258.0,,
951,HULL_BWV_636332816,Bhutan,19.0,10.0,10.0,261.0,,
243,HULL_VIXO_51522,острова,13.0,20.0,22.0,270.0,,
245,HULL_LBUO_2775364,Ghana,16.0,18.0,20.0,259.0,,
247,HULL_WLLEHKVLEQ_68374152,Armenia,22.0,13.0,24.0,268.0,,
248,HULL_RGYHTCDL_254166484,Luxembourg,19.0,12.0,16.0,254.0,,
121,HULL_HIFLKTJNS_553,Chad,16.0,16.0,20.0,256.0,,
123,HULL_DMEFTSKMT_45763648,Ukraine,25.0,22.0,23.0,270.0,,
478,HULL_KIA_582178434,United,8.0,7.0,20.0,263.0,,
480,HULL_WAPDT_32153636,Argentina,9.0,21.0,16.0,263.0,,
482,HULL_CTGVEJQCC_745225388,Hungary,8.0,25.0,8.0,262.0,,
337,HULL_QQHDQIF_614,Canada,17.0,17.0,20.0,267.0,,
484,HULL_ETMURVXSA_616464662,Georgia,12.0,9.0,16.0,256.0,,
526,HULL_JCYCGK_47647162,Guinea,20.0,5.0,18.0,251.0,,
209,HULL_MWTYDCKP_8641,Spain,19.0,21.0,21.0,263.0,,
530,HULL_WDTK_25176683,Singapore,13.0,16.0,25.0,262.0,,
535,HULL_YJALU_48666,Finland,22.0,7.0,8.0,261.0,,
536,HULL_OLDH_7717753,France,20.0,16.0,22.0,265.0,,
906,HULL_GOTQGE_442846,Qatar,21.0,17.0,16.0,260.0,,
586,HULL_YEKBQTTPEV_412,Switzerland,17.0,8.0,17.0,251.0,,
588,HULL_QHQXBDLO_31834,Mauritius,8.0,8.0,21.0,264.0,,
590,HULL_QSBYR_6563,Зеландия,8.0,6.0,24.0,266.0,,
593,HULL_JVXPQRM_8223685783,острова,6.0,7.0,8.0,261.0,,
596,HULL_BLNIA_562473,Viet,11.0,13.0,20.0,265.0,,
598,HULL_NWIMXOSHK_8426,Estonia,25.0,11.0,14.0,257.0,,
600,HULL_HYN_721812732,Mozambique,21.0,18.0,6.0,262.0,,
603,HULL_OBKTDBAGKR_57662735,Poland,18.0,7.0,6.0,253.0,,
605,HULL_HKWGWJKCI_55571651,Grenada,10.0,12.0,16.0,258.0,,
609,HULL_JVVGLOLYY_7235,Costa,6.0,16.0,23.0,257.0,,
610,HULL_WGCUILGNP_875,Belarus,22.0,10.0,10.0,263.0,,
612,HULL_YAEXFU_2685166316,Lebanon,20.0,11.0,5.0,268.0,,
614,HULL_YJESYRQHSJ_68331,Turkmenistan,25.0,15.0,20.0,262.0,,
619,HULL_AHJTBQXWSS_225815821,Сахара,21.0,11.0,10.0,260.0,,
622,HULL_LRBY_614268,Turkey,8.0,23.0,7.0,269.0,,
624,HULL_UBJWP_517534623,Аравия,12.0,19.0,19.0,259.0,,
626,HULL_QTKALU_26327232,Belize,18.0,22.0,18.0,268.0,,
627,HULL_JCSWVL_25563,Macedonia,11.0,13.0,7.0,253.0,,
631,HULL_BMNRLWGX_36743251,Kyrgyzstan,19.0,8.0,8.0,261.0,,
633,HULL_ILG_465444628,Portugal,13.0,11.0,9.0,265.0,,
635,HULL_TNQ_2631777334,Senegal,25.0,11.0,6.0,263.0,,
559,HULL_XNMFHQ_828,Italy,14.0,19.0,10.0,1543.46337890625,,
641,HULL_TAOOIS_454,Malta,15.0,21.0,9.0,270.0,,
643,HULL_FIGNIWEM_67482,Andorra,11.0,16.0,21.0,263.0,,
36,HULL_FSEETCLJ_14376746,Iceland,18.0,17.0,8.0,270.0,,
38,HULL_DQSHKSV_882547,Sri,9.0,16.0,19.0,255.0,,
40,HULL_UGKYV_5862351678,Macedonia,10.0,7.0,8.0,268.0,,
45,HULL_IDNQGWTXSP_2115,Malawi,21.0,13.0,16.0,266.0,,
47,HULL_CNBLNSV_631888,Greenland,23.0,6.0,16.0,266.0,,
50,HULL_OWXGMM_251262852,Zambia,5.0,22.0,7.0,270.0,,
52,HULL_SHPVLGFY_417861178,Bhutan,25.0,24.0,10.0,266.0,,
54,HULL_EXOJI_22587286,Turkey,8.0,8.0,7.0,260.0,,
55,HULL_FFXU_733162,Malta,13.0,18.0,10.0,258.0,,
720,HULL_DBIX_117,Greece,23.0,20.0,8.0,256.0,,
721,HULL_WSVMUNCSNX_42281671,Mozambique,10.0,14.0,15.0,255.0,,
725,HULL_YKKUSVSEP_6131175,Tanzania,8.0,21.0,11.0,257.0,,
726,HULL_TOODW_58128,Venezuela,10.0,20.0,17.0,257.0,,
728,HULL_NOVTYLX_8214735216,Lao,13.0,18.0,20.0,256.0,,
730,HULL_AYHGR_44384,Tajikistan,23.0,10.0,12.0,251.0,,
731,HULL_HLT_1785664383,Burundi,23.0,7.0,14.0,269.0,,
735,HULL_VTNWNTX_472436,Abkhazia,9.0,8.0,23.0,270.0,,
737,HULL_ELOQUC_467354816,Liechtenstein,22.0,24.0,7.0,255.0,,
738,HULL_BPT_156838861,Honduras,5.0,22.0,11.0,260.0,,
740,HULL_QKCHHY_31885,Belarus,10.0,17.0,22.0,264.0,,
742,HULL_DQD_574371165,Morocco,24.0,19.0,15.0,267.0,,
744,HULL_GIQBB_1577178,Slovakia,17.0,23.0,12.0,255.0,,
746,HULL_NMPYDWJT_338833,Mongolia,19.0,9.0,11.0,268.0,,
749,HULL_UORQOUD_4235462,Croatia,15.0,23.0,9.0,257.0,,
751,HULL_FENKVUD_231,Peru,20.0,17.0,7.0,270.0,,
753,HULL_FPH_53866,Sweden,14.0,7.0,17.0,263.0,,
754,HULL_AEVJE_615384,Gambia,15.0,21.0,23.0,262.0,,
756,HULL_QCCNW_6734,Ireland,5.0,21.0,19.0,263.0,,
901,HULL_GREFDT_66325585,Sri,8.0,16.0,12.0,269.0,,
953,HULL_YTSSHIVJ_68818,Bangladesh,16.0,12.0,24.0,255.0,,
923,HULL_JARG_55623,Honduras,12.0,5.0,13.0,267.0,,
915,HULL_NXBHIJDMK_45876,Hungary,6.0,22.0,14.0,268.0,,
936,HULL_WWELXQRAWR_88866,Cuba,7.0,19.0,25.0,269.0,,
955,HULL_DVGIWWKHRB_6765236627,Chad,22.0,12.0,7.0,257.0,,
637,HULL_MDIVWBYG_487,Iraq,5.0,10.0,24.0,267.0,,
673,HULL_HOHSQNHMSF_45454815,Philippines,20.0,16.0,10.0,267.0,,
747,HULL_SMVUOOCGK_48332,Abkhazia,6.0,25.0,25.0,266.0,,
755,HULL_NYITTQEFBK_4323767155,Kiribati,8.0,10.0,18.0,258.0,,
764,HULL_WTWSKJ_631,Germany,7.0,22.0,21.0,266.0,,
795,HULL_XHPHYJXEW_288683524,Germany,24.0,21.0,25.0,260.0,,
861,HULL_CYGOUWN_51834,France,16.0,22.0,19.0,261.0,,
366,HULL_HXA_7173736,Sweden,12.0,18.0,10.0,269.0,,
369,HULL_ODIKOPVD_486682,Lesotho,25.0,19.0,16.0,269.0,,
371,HULL_FDXQMQSY_457,Uzbekistan,15.0,18.0,21.0,267.0,,
373,HULL_IWCHUQA_841325,острова,24.0,7.0,16.0,262.0,,
376,HULL_MGBGK_7423,Abkhazia,25.0,19.0,12.0,269.0,,
378,HULL_TYWHTPOSPE_613658732,Afghanistan,18.0,24.0,7.0,270.0,,
380,HULL_HMQOXVS_384,Nigeria,23.0,5.0,24.0,253.0,,
269,HULL_SYLSAQ_1886347,Italy,8.0,15.0,20.0,1802.9560546875,,
384,HULL_PONNDDVBTP_5838566,Peru,10.0,19.0,18.0,260.0,,
386,HULL_PLOTLJDR_411,Mauritius,15.0,21.0,23.0,261.0,,
387,HULL_AQEPOLJ_715,France,20.0,23.0,14.0,268.0,,
389,HULL_KXJMQMCR_3111287887,Hungary,5.0,11.0,8.0,268.0,,
989,HULL_PVAWYU_7843842776,Uzbekistan,16.0,7.0,7.0,262.0,,
991,HULL_KXLESOQW_4666454,Hong,25.0,6.0,19.0,258.0,,
993,HULL_XBFCR_126363587,Angola,24.0,22.0,24.0,270.0,,
996,HULL_DJCCCU_47743,Gambia,11.0,15.0,14.0,267.0,,
136,HULL_GXKQ_655,Mauritius,5.0,10.0,21.0,254.0,,
138,HULL_JSRO_8432837,Honduras,15.0,22.0,9.0,263.0,,
140,HULL_RJIYL_726432466,China,11.0,19.0,21.0,264.0,,
492,HULL_HAP_7215765153,Lithuania,16.0,24.0,17.0,254.0,,
494,HULL_VRNUNWXA_4258,Malaysia,10.0,23.0,21.0,259.0,,
496,HULL_KGI_428484462,Cambodia,19.0,20.0,7.0,267.0,,
501,HULL_TUFJOIF_862452442,Malta,24.0,11.0,25.0,271.0,,
503,HULL_OVFORKOWFF_8545713741,Kazakhstan,24.0,8.0,22.0,256.0,,
504,HULL_TWBCY_3321122628,Ecuador,10.0,7.0,7.0,256.0,,
506,HULL_EPG_8257,Kyrgyzstan,17.0,19.0,10.0,261.0,,
847,HULL_FHHUSSM_333,Italy,13.0,20.0,8.0,1197.47314453125,,
510,HULL_DXTRRPBLD_866541,Honduras,16.0,7.0,15.0,259.0,,
512,HULL_OWYB_414881,Canada,23.0,25.0,23.0,270.0,,
514,HULL_MBF_4153,Colombia,14.0,25.0,21.0,258.0,,
516,HULL_VADUEX_77457,Jordan,13.0,13.0,10.0,256.0,,
670,HULL_GPF_737834,Botswana,8.0,17.0,16.0,266.0,,
519,HULL_RBTPAVQY_5511,Штаты,24.0,11.0,5.0,261.0,,
545,HULL_NOANCFKVA_5211,United,20.0,25.0,5.0,260.0,,
547,HULL_URJMEQGX_32568725,Romania,21.0,5.0,24.0,270.0,,
174,HULL_NTUV_41657,Lebanon,17.0,21.0,12.0,255.0,,
548,HULL_FQTOOW_423133233,Nepal,14.0,18.0,15.0,264.0,,
550,HULL_XHTAMA_21753,Venezuela,17.0,18.0,24.0,252.0,,
552,HULL_PJWDAVNEGI_657622122,Ecuador,22.0,6.0,21.0,257.0,,
554,HULL_DGFVCBXI_357717468,Jordan,11.0,20.0,13.0,259.0,,
555,HULL_QELGSNER_274,Australia,5.0,8.0,10.0,257.0,,
557,HULL_CEI_66743138,Guinea,15.0,23.0,18.0,267.0,,
561,HULL_LUHBQ_4375377,France,18.0,21.0,23.0,257.0,,
562,HULL_PIX_6821234,Benin,16.0,21.0,19.0,269.0,,
564,HULL_HRDEDJ_848,Spain,24.0,14.0,19.0,257.0,,
566,HULL_QKCDBOMSW_116861775,Guadeloupe,22.0,10.0,19.0,262.0,,
569,HULL_QBTRLXAHP_4584438776,Nigeria,11.0,13.0,23.0,256.0,,
571,HULL_VYNBFAM_284,Spain,21.0,24.0,6.0,253.0,,
573,HULL_BOLFFIYUET_154568,Guadeloupe,25.0,11.0,16.0,263.0,,
575,HULL_LQPDJMNRR_624854627,Turkmenistan,14.0,5.0,23.0,255.0,,
576,HULL_QDDNRM_676231,Uganda,10.0,15.0,9.0,251.0,,
578,HULL_NJRFRJUAY_576737,Moldova,10.0,17.0,22.0,270.0,,
580,HULL_DDEBR_125,Estonia,6.0,5.0,8.0,253.0,,
582,HULL_NMBPGLXWVC_174856461,Indonesia,9.0,10.0,23.0,265.0,,
583,HULL_TYCVKJKWXC_7526,Lithuania,21.0,16.0,7.0,263.0,,
585,HULL_HJFGOOLQRV_31733,Greece,25.0,8.0,19.0,254.0,,
986,HULL_XTDLNWVXGX_512334663,Lesotho,15.0,14.0,12.0,254.0,,
908,HULL_VMTKTRTC_854,Zimbabwe,17.0,9.0,23.0,257.0,,
898,HULL_SYOQFSYG_343786,Guam,21.0,21.0,16.0,255.0,,
911,HULL_UGINII_846467735,Bulgaria,16.0,5.0,18.0,259.0,,
913,HULL_PYBB_172376,Serbia,14.0,13.0,19.0,255.0,,
918,HULL_NIKTRR_186,Turkey,8.0,22.0,8.0,256.0,,
920,HULL_GKOPVGM_463561565,Tanzania,12.0,8.0,21.0,261.0,,
925,HULL_KDFMDAVFYJ_321,Costa,18.0,25.0,15.0,253.0,,
927,HULL_JGJ_355,Bulgaria,21.0,17.0,9.0,269.0,,
929,HULL_MRA_5376,Monaco,20.0,21.0,17.0,267.0,,
931,HULL_MXSSRYCKA_1323276,Serbia,24.0,10.0,21.0,251.0,,
934,HULL_IWQHIJD_644817,Namibia,6.0,20.0,18.0,270.0,,
365,HULL_ELCNRUVLXT_578824,Australia,7.0,19.0,17.0,268.0,,
95,HULL_RDN_3111488,Zambia,22.0,14.0,14.0,263.0,,
97,HULL_NQNQFPWA_46224881,Bahrain,15.0,10.0,15.0,253.0,,
99,HULL_TVBB_1318,Nigeria,21.0,13.0,19.0,271.0,,
644,HULL_KDC_52781,Аравия,8.0,18.0,14.0,251.0,,
646,HULL_JEOINKN_2763128186,Mozambique,7.0,13.0,17.0,263.0,,
648,HULL_JWMFS_443326481,Dominica,9.0,23.0,25.0,259.0,,
650,HULL_TVICJMWYG_216314653,Estonia,18.0,10.0,6.0,262.0,,
2,HULL_MOR_37687573,France,23.0,14.0,17.0,257.0,,
651,HULL_UXSHY_44456,Yemen,16.0,10.0,25.0,270.0,,
653,HULL_MISFPPOYOH_472811148,Zambia,8.0,14.0,14.0,253.0,,
300,HULL_PHE_62745,Nepal,23.0,8.0,12.0,264.0,,
655,HULL_RBDEFHMYSK_832181,Norway,20.0,18.0,22.0,262.0,,
656,HULL_NIXWHUU_28841,Tanzania,14.0,22.0,16.0,265.0,,
658,HULL_BXET_2147,Spain,12.0,11.0,8.0,270.0,,
660,HULL_MBESBE_4555487733,Monaco,12.0,8.0,10.0,267.0,,
662,HULL_YRV_881772,Mongolia,6.0,9.0,15.0,262.0,,
663,HULL_SAS_682164,Latvia,10.0,13.0,18.0,267.0,,
665,HULL_EOVKBWRCMJ_1124676,Austria,11.0,25.0,15.0,252.0,,
667,HULL_QQBSA_864148645,Panama,5.0,22.0,9.0,263.0,,
668,HULL_VGBPOTMNHG_736715626,Bolivia,6.0,7.0,23.0,271.0,,
672,HULL_MGUA_3233148367,Barbados,19.0,10.0,23.0,267.0,,
142,HULL_EVU_1764468,Romania,16.0,5.0,5.0,271.0,,
639,HULL_JQEESH_2635882678,Bhutan,8.0,5.0,9.0,259.0,,
674,HULL_IBWUKS_53427435,Indonesia,24.0,5.0,11.0,270.0,,
675,HULL_USV_15753,Japan,14.0,23.0,18.0,256.0,,
677,HULL_OTRWUHS_15383388,Moldova,10.0,23.0,25.0,270.0,,
679,HULL_OAENQUEGB_84381282,Moldova,8.0,22.0,6.0,270.0,,
680,HULL_CAEOCTCO_126573,Uruguay,10.0,12.0,21.0,267.0,,
682,HULL_FYIOAHE_38813313,Anguilla,13.0,20.0,5.0,262.0,,
684,HULL_QTXDVGYM_22324542,Lao,13.0,8.0,22.0,255.0,,
685,HULL_UTNNTH_73825,Belgium,22.0,12.0,14.0,259.0,,
447,HULL_EWY_218313433,Haiti,12.0,10.0,22.0,253.0,,
451,HULL_VVWA_8478217,Benin,10.0,7.0,9.0,254.0,,
452,HULL_YYNYMF_71128,Kiribati,13.0,23.0,22.0,268.0,,
454,HULL_VFHNDY_55734,Kenya,25.0,10.0,15.0,251.0,,
456,HULL_XONSINV_867,Aruba,16.0,21.0,14.0,256.0,,
457,HULL_TWCR_1288348,Benin,11.0,23.0,16.0,252.0,,
459,HULL_XNPNMVY_6855,Abkhazia,6.0,19.0,23.0,252.0,,
860,HULL_UAWT_676777,Albania,20.0,12.0,25.0,265.0,,
461,HULL_KQHJTALX_7732436788,United,15.0,9.0,23.0,256.0,,
463,HULL_DKTJTBAVW_3135,острова,24.0,19.0,11.0,270.0,,
465,HULL_TQKNLXQEHK_777764,Malawi,25.0,19.0,23.0,253.0,,
467,HULL_NBIGEPG_8773236113,Madagascar,6.0,17.0,24.0,257.0,,
468,HULL_KQM_6786,Guadeloupe,12.0,8.0,15.0,271.0,,
470,HULL_JBVPEFLX_1858257442,Switzerland,9.0,18.0,20.0,267.0,,
472,HULL_UESE_22643423,Eritrea,17.0,23.0,11.0,268.0,,
473,HULL_JTKWTQTNX_528157,Switzerland,20.0,23.0,11.0,267.0,,
475,HULL_AADGHBDH_531518,Sudan,11.0,25.0,23.0,262.0,,
477,HULL_JXFQQ_2311413,Azerbaijan,15.0,10.0,17.0,251.0,,
687,HULL_ATVIQT_352,Cameroon,17.0,20.0,18.0,259.0,,
689,HULL_NMSC_36631627,Australia,15.0,21.0,22.0,263.0,,
691,HULL_CBFAIOHC_5183,Venezuela,24.0,21.0,21.0,258.0,,
693,HULL_NAYWKH_532718,India,15.0,9.0,16.0,256.0,,
694,HULL_TEEIUCSV_5612,Fiji,9.0,10.0,21.0,263.0,,
696,HULL_APXAGWDBQ_7122437588,Belize,17.0,7.0,19.0,265.0,,
698,HULL_KOKVSMETS_4851688,Namibia,20.0,10.0,22.0,256.0,,
700,HULL_QKXJL_8387,Morocco,24.0,6.0,8.0,255.0,,
701,HULL_CLUKCFBGKL_5686,United,25.0,14.0,17.0,252.0,,
703,HULL_PKYVNX_136577276,Greece,15.0,9.0,11.0,252.0,,
704,HULL_UJCQ_452831572,Madagascar,19.0,12.0,24.0,264.0,,
706,HULL_SVPDDBCUFF_4637752,Hong,8.0,12.0,24.0,253.0,,
708,HULL_FEBXH_2854,Uganda,24.0,12.0,6.0,253.0,,
709,HULL_QKTJA_66371,Sudan,20.0,23.0,12.0,270.0,,
711,HULL_EBE_6432136457,Bangladesh,17.0,6.0,24.0,267.0,,
713,HULL_AWRAXHJQJX_4582366261,Malaysia,19.0,15.0,8.0,253.0,,
715,HULL_KNVY_157,острова,12.0,9.0,16.0,257.0,,
716,HULL_UKKBHQ_773167173,Zimbabwe,12.0,23.0,10.0,252.0,,
718,HULL_EYGP_666332255,Ethiopia,11.0,7.0,6.0,255.0,,
775,HULL_LCN_451,Germany,12.0,20.0,13.0,262.0,,
776,HULL_HBHMN_624,Brazil,16.0,18.0,19.0,257.0,,
780,HULL_INPSWG_28453,Tajikistan,19.0,9.0,13.0,269.0,,
783,HULL_QRN_4188,Estonia,12.0,20.0,20.0,262.0,,
785,HULL_YVQTXPYDS_55861361,Philippines,15.0,14.0,15.0,263.0,,
787,HULL_ICHME_612713,India,23.0,9.0,25.0,261.0,,
790,HULL_VWQRUDRQX_666532176,Zambia,11.0,14.0,22.0,264.0,,
792,HULL_IWDRQWR_241427,Liberia,10.0,11.0,17.0,269.0,,
794,HULL_ARUEOBNIMY_754,Czech,9.0,17.0,25.0,257.0,,
796,HULL_YTHFNK_6725,Somalia,11.0,20.0,19.0,256.0,,
797,HULL_AVRCBOSLLX_85736578,Greece,6.0,9.0,22.0,259.0,,
799,HULL_STBUWKBJRL_482761766,Chad,18.0,12.0,13.0,270.0,,
21,HULL_XKBQBVUO_576873,Somalia,22.0,9.0,6.0,266.0,,
629,HULL_TJQX_352,Viet,6.0,11.0,11.0,266.0,,
801,HULL_PXRHSLIXAL_47316223,Brunei,15.0,21.0,15.0,265.0,,
802,HULL_BMBSHM_6651,Lithuania,18.0,14.0,11.0,262.0,,
392,HULL_HLV_822,United,22.0,20.0,8.0,259.0,,
804,HULL_CNPDJEWI_728314,Azerbaijan,21.0,17.0,11.0,257.0,,
766,HULL_SJHYQCU_188576283,Cuba,10.0,18.0,23.0,267.0,,
768,HULL_STQXGWACOW_68576562,Poland,7.0,23.0,19.0,264.0,,
806,HULL_FIX_86172,Poland,17.0,24.0,17.0,271.0,,
807,HULL_GNO_8715577,Angola,17.0,6.0,24.0,257.0,,
809,HULL_BOV_61526,Gibraltar,17.0,11.0,7.0,268.0,,
811,HULL_NDPSFDX_5771523,Botswana,13.0,6.0,10.0,264.0,,
813,HULL_LEHEUW_2424378828,Burundi,24.0,15.0,23.0,266.0,,
815,HULL_BXTXDU_454254376,Gambia,24.0,7.0,10.0,269.0,,
816,HULL_NXQGFNPYY_6717335363,Ireland,22.0,16.0,25.0,262.0,,
818,HULL_GNOYEAPEIR_3144545154,Maldives,14.0,9.0,13.0,252.0,,
820,HULL_GTDMDJA_354362,Slovakia,24.0,20.0,10.0,268.0,,
821,HULL_AFL_878241,Macedonia,19.0,18.0,8.0,252.0,,
823,HULL_QAQNGV_6116517,Switzerland,13.0,13.0,13.0,267.0,,
825,HULL_CVIJ_646581,Poland,12.0,14.0,21.0,270.0,,
827,HULL_GQPTIPR_384737434,Norway,5.0,21.0,14.0,262.0,,
829,HULL_PHNOPCFV_751843454,Nepal,19.0,17.0,23.0,264.0,,
830,HULL_FBAGCAVY_27144176,Greenland,10.0,11.0,21.0,251.0,,
832,HULL_WCMWSE_32276,Viet,14.0,24.0,15.0,266.0,,
834,HULL_LVGONJM_4158131,Nigeria,22.0,13.0,14.0,253.0,,
835,HULL_YEOU_132,Bhutan,22.0,19.0,23.0,255.0,,
839,HULL_VAAWWNTPF_6684783,Australia,8.0,12.0,19.0,256.0,,
841,HULL_FCJBWUVNTP_584,Cambodia,14.0,5.0,13.0,251.0,,
843,HULL_EUPWGPMRCR_17844615,Indonesia,9.0,20.0,22.0,265.0,,
844,HULL_AMI_845733,Spain,5.0,8.0,15.0,263.0,,
846,HULL_AELRCHLUNF_266157,Iceland,23.0,23.0,22.0,251.0,,
781,HULL_DBGOGL_546835321,Italy,23.0,5.0,9.0,1197.47314453125,,
849,HULL_DNGFPSU_4313,Mauritania,23.0,10.0,22.0,259.0,,
851,HULL_BYTIKF_55456,Maldives,18.0,24.0,6.0,254.0,,
853,HULL_OTBMCNMX_3271777,Somalia,19.0,11.0,25.0,252.0,,
854,HULL_DYQWQTWQG_648,Haiti,22.0,20.0,9.0,262.0,,
856,HULL_KYTPJ_325,Iceland,5.0,17.0,5.0,254.0,,
858,HULL_RHSM_52248724,Bulgaria,16.0,14.0,12.0,257.0,,
862,HULL_SMYAKDOT_74362,USA,6.0,9.0,15.0,270.0,,
864,HULL_YWVGLHJXY_21575,Israel,20.0,13.0,24.0,254.0,,
865,HULL_EXSNOX_1142612,Brunei,9.0,18.0,8.0,256.0,,
867,HULL_COHAIXEHA_1622378,Nepal,11.0,23.0,10.0,251.0,,
869,HULL_XEALEHLWN_7234761,Barbados,11.0,11.0,14.0,270.0,,
872,HULL_QHXJRWVAX_432,Guam,5.0,11.0,8.0,251.0,,
876,HULL_PUSXL_166815417,Fiji,14.0,5.0,8.0,251.0,,
877,HULL_AJP_2556,Armenia,13.0,23.0,16.0,269.0,,
879,HULL_QYHSAUTOA_3287888,Malawi,16.0,17.0,15.0,252.0,,
881,HULL_UAFPWQUQKS_4311543512,Viet,18.0,5.0,11.0,268.0,,
883,HULL_YEJWDT_18221,Slovenia,9.0,21.0,14.0,254.0,,
884,HULL_GDSGILT_52565,Luxembourg,10.0,23.0,23.0,265.0,,
886,HULL_OYCJ_6277352758,Denmark,6.0,6.0,9.0,255.0,,
889,HULL_NSITPOPBX_6754828,Liechtenstein,23.0,18.0,21.0,259.0,,
4,HULL_FNEG_6117415653,Gibraltar,14.0,24.0,21.0,268.0,,
6,HULL_DNI_17637516,Malta,7.0,14.0,19.0,267.0,,
8,HULL_ESYQCUPN_163117151,Guadeloupe,9.0,11.0,25.0,259.0,,
11,HULL_OSAL_6377,Luxembourg,14.0,21.0,5.0,262.0,,
13,HULL_GSKLSX_724,Armenia,10.0,7.0,14.0,259.0,,
15,HULL_ADSGQV_124525645,Gambia,13.0,14.0,7.0,268.0,,
18,HULL_GXULPCBWPL_185,Haiti,7.0,21.0,14.0,252.0,,
20,HULL_FAUVIBJVMB_6223182,Tunisia,13.0,24.0,9.0,263.0,,
23,HULL_PJE_72316485,Netherlands,21.0,11.0,22.0,269.0,,
891,HULL_TSJHLG_644,Kiribati,25.0,21.0,20.0,268.0,,
893,HULL_IEJOWYPSO_5653221865,Malta,18.0,9.0,17.0,259.0,,
895,HULL_TESYO_178,Аравия,11.0,7.0,14.0,270.0,,
897,HULL_JQOORDTX_213815517,Uganda,24.0,23.0,19.0,253.0,,
22,HULL_QIO_453137,Burundi,6.0,13.0,22.0,263.0,,
900,HULL_LPWXLII_345676,Ireland,14.0,11.0,8.0,269.0,,
904,HULL_YFSISD_547122784,Bhutan,5.0,18.0,6.0,263.0,,
907,HULL_CDMGEKGFI_2416154858,United,9.0,25.0,16.0,252.0,,
909,HULL_MSJMNODSE_2144374,Algeria,24.0,14.0,18.0,269.0,,
910,HULL_NMXDWB_52672,Gambia,21.0,9.0,23.0,258.0,,
79,HULL_ELKAL_1382464586,France,5.0,11.0,21.0,260.0,,
84,HULL_UKDB_2155,Somalia,24.0,23.0,20.0,259.0,,
86,HULL_MJJ_777885417,Spain,14.0,5.0,13.0,253.0,,
88,HULL_UXECW_487577314,Romania,22.0,19.0,20.0,268.0,,
91,HULL_SNKJYA_885,Ghana,11.0,14.0,17.0,252.0,,
93,HULL_SVF_21156,Guadeloupe,15.0,14.0,18.0,253.0,,
96,HULL_SFAOQY_274,Senegal,11.0,23.0,15.0,261.0,,
98,HULL_ELQXOSULAB_6285638,Thailand,15.0,11.0,6.0,264.0,,
100,HULL_NSHUDUO_6458768,Paraguay,18.0,14.0,13.0,262.0,,
108,HULL_OVP_128754,Bahrain,13.0,15.0,8.0,256.0,,
110,HULL_MEMAWPU_748834,Azerbaijan,6.0,12.0,16.0,258.0,,
112,HULL_BTCDJKJAD_576713,Serbia,21.0,5.0,9.0,263.0,,
115,HULL_DKOCFBSG_7761,Guinea,25.0,25.0,23.0,270.0,,
119,HULL_TKXTEGC_8417,Lesotho,12.0,19.0,13.0,253.0,,
122,HULL_EPOGV_61361171,Gibraltar,13.0,6.0,5.0,260.0,,
124,HULL_TYBN_34654615,Costa,5.0,6.0,20.0,254.0,,
126,HULL_FRT_12314,Burundi,5.0,25.0,12.0,253.0,,
128,HULL_CUCH_748547867,Singapore,13.0,16.0,24.0,251.0,,
130,HULL_LPFCLW_62284473,Macedonia,9.0,9.0,21.0,258.0,,
132,HULL_JEUHXAYQGR_4624452172,United,6.0,8.0,19.0,267.0,,
135,HULL_ORSWPQ_151321521,Guinea,17.0,22.0,23.0,260.0,,
139,HULL_YSB_113,Зеландия,8.0,17.0,18.0,261.0,,
144,HULL_CGHET_682337,Chile,6.0,9.0,22.0,269.0,,
146,HULL_KOVKV_4315531,Kazakhstan,19.0,18.0,10.0,254.0,,
149,HULL_RVNKWDLLAI_1182124,Nepal,14.0,8.0,21.0,264.0,,
151,HULL_FXKBHAOBND_486615,Philippines,11.0,12.0,15.0,261.0,,
154,HULL_LNKUCXCUVQ_785814176,Bulgaria,25.0,16.0,18.0,268.0,,
739,HULL_DMEFL_5152136,Qatar,10.0,20.0,24.0,262.0,,
156,HULL_NPHEPML_661136824,Tanzania,19.0,20.0,18.0,260.0,,
159,HULL_TWLEPDV_616,United,9.0,12.0,6.0,257.0,,
163,HULL_HGNNSEXPXG_2715514,Lebanon,23.0,9.0,5.0,256.0,,
168,HULL_HKJEPRDFJ_883574,Kyrgyzstan,16.0,5.0,5.0,267.0,,
171,HULL_TJJRC_4282637516,Liechtenstein,11.0,11.0,15.0,263.0,,
173,HULL_AUGH_836762328,Portugal,13.0,13.0,9.0,255.0,,
176,HULL_GQPW_4658827,Liechtenstein,10.0,20.0,13.0,270.0,,
181,HULL_FOHXFULEUN_33377487,Тимор,25.0,14.0,22.0,251.0,,
183,HULL_XAUCOEX_6438856853,Jordan,7.0,12.0,18.0,252.0,,
188,HULL_KYMCM_72835248,Tunisia,5.0,16.0,25.0,270.0,,
190,HULL_HYKFWPCP_525,острова,15.0,14.0,15.0,265.0,,
192,HULL_LQLTTXQ_23585,Niger,14.0,11.0,24.0,252.0,,
195,HULL_DMLJYARGT_736,Штаты,21.0,24.0,14.0,263.0,,
197,HULL_OVAWE_15815636,Sudan,15.0,25.0,5.0,251.0,,
199,HULL_LASKR_56148772,Kyrgyzstan,17.0,16.0,18.0,271.0,,
232,HULL_VRMJJDN_228825665,Iran,15.0,21.0,22.0,268.0,,
28,HULL_GEEBIVHHHX_818248821,острова,7.0,5.0,22.0,258.0,,
235,HULL_SCR_25843628,Mozambique,22.0,15.0,16.0,257.0,,
237,HULL_JNKHOMUIK_3132,Tajikistan,13.0,17.0,7.0,268.0,,
244,HULL_QWJBY_6558,Venezuela,10.0,16.0,22.0,264.0,,
246,HULL_PHUOTMJIWM_33157,Netherlands,21.0,15.0,17.0,254.0,,
251,HULL_BTPB_8624,острова,22.0,12.0,24.0,271.0,,
254,HULL_TXQGREMV_711,Kuwait,7.0,12.0,8.0,251.0,,
255,HULL_GLO_26841735,Senegal,17.0,17.0,14.0,255.0,,
256,HULL_JGMCFKWUT_1228,Bolivia,23.0,6.0,21.0,265.0,,
258,HULL_TRPWBAB_444,Madagascar,5.0,6.0,18.0,268.0,,
260,HULL_NLWHCVPLVY_61683,Maldives,9.0,23.0,18.0,264.0,,
263,HULL_EPQJ_7816,Albania,22.0,5.0,5.0,264.0,,
265,HULL_APVBQJEB_855223,Russia,18.0,6.0,7.0,257.0,,
267,HULL_IWYIUALCKA_67338,Indonesia,5.0,22.0,7.0,255.0,,
270,HULL_LQWFO_4177268,Kyrgyzstan,17.0,18.0,9.0,264.0,,
272,HULL_IBPR_2415,Montenegro,9.0,10.0,25.0,260.0,,
275,HULL_WQP_7551382,Albania,11.0,24.0,19.0,262.0,,
277,HULL_KSPH_726611,Costa,8.0,24.0,11.0,265.0,,
279,HULL_GMNWCAHVE_8241865,Chad,5.0,8.0,18.0,253.0,,
281,HULL_DKSM_57277,Brunei,12.0,25.0,12.0,253.0,,
284,HULL_EXWWR_3588521646,Armenia,5.0,25.0,22.0,266.0,,
286,HULL_WJMWUJOSJ_1715,Malawi,17.0,12.0,7.0,255.0,,
288,HULL_ROY_4522227828,Libyan,18.0,17.0,13.0,253.0,,
290,HULL_IGJRUKBP_7168613,острова,5.0,12.0,5.0,257.0,,
293,HULL_PFIT_767242,Austria,18.0,9.0,14.0,268.0,,
295,HULL_HHIF_2223514228,Croatia,24.0,21.0,8.0,267.0,,
298,HULL_PXAPWSWUQE_8447746,Tunisia,19.0,16.0,22.0,256.0,,
305,HULL_IXDRYQJK_84172485,Norway,23.0,23.0,21.0,262.0,,
308,HULL_LSHYAQNR_5568558,Slovenia,19.0,17.0,14.0,258.0,,
312,HULL_HJQDBNDPRY_426718,Sweden,18.0,24.0,18.0,265.0,,
315,HULL_VTAFEUUNVH_4272155,Slovenia,19.0,20.0,6.0,259.0,,
317,HULL_BRSLKBBIOE_61144,Sri,21.0,23.0,18.0,255.0,,
319,HULL_PWPLA_613326326,Macedonia,24.0,18.0,8.0,266.0,,
322,HULL_KLBAV_463,Республика,13.0,12.0,17.0,262.0,,
324,HULL_YYPDGD_2817273228,Norway,6.0,7.0,23.0,264.0,,
327,HULL_ARGUWBWUYI_561,Zimbabwe,10.0,18.0,5.0,251.0,,
329,HULL_NBSTDBFK_7652637,Turkey,5.0,7.0,19.0,257.0,,
331,HULL_WCVHUEKKNT_433422444,Singapore,23.0,16.0,25.0,265.0,,
336,HULL_MTGXSUFN_741242,Tajikistan,14.0,17.0,17.0,265.0,,
341,HULL_JCVYQ_1848,Nigeria,22.0,15.0,9.0,254.0,,
344,HULL_EGSH_252452728,Uzbekistan,10.0,11.0,11.0,254.0,,
348,HULL_YNLHBW_4754,Сахара,11.0,23.0,24.0,257.0,,
351,HULL_WLR_81465438,Madagascar,13.0,16.0,12.0,259.0,,
353,HULL_HIFMIWIBDG_847484557,Nepal,13.0,16.0,18.0,252.0,,
356,HULL_OST_4811878,India,21.0,18.0,6.0,256.0,,
358,HULL_QEYPHSNSEW_278123261,Anguilla,5.0,23.0,13.0,261.0,,
360,HULL_OVCRRK_45871,Belarus,24.0,20.0,8.0,251.0,,
363,HULL_YHQKUWGMG_8313,Ethiopia,14.0,22.0,7.0,252.0,,
368,HULL_CTHXYD_381,Kyrgyzstan,24.0,13.0,16.0,253.0,,
372,HULL_LUG_8222171,Guam,25.0,21.0,16.0,267.0,,
374,HULL_VTGDGVOMMA_1436758,Latvia,10.0,10.0,22.0,267.0,,
377,HULL_ISFV_158377,Portugal,13.0,25.0,12.0,255.0,,
379,HULL_MKJTDUX_1875,Philippines,7.0,25.0,14.0,262.0,,
381,HULL_DDFAFNIE_75152254,Ukraine,12.0,16.0,24.0,255.0,,
382,HULL_VYKRUSCNMV_55346655,Algeria,23.0,18.0,6.0,264.0,,
383,HULL_OEU_32668443,Guatemala,14.0,8.0,24.0,267.0,,
385,HULL_COKDGKVU_784,острова,7.0,15.0,8.0,269.0,,
395,HULL_EGB_3765826,San,24.0,12.0,6.0,260.0,,
397,HULL_ELYLJBQ_25222,Dominica,21.0,10.0,23.0,263.0,,
399,HULL_NJLHTTLM_2841847,Portugal,15.0,16.0,9.0,264.0,,
402,HULL_NMHLMHT_71332718,Australia,6.0,14.0,17.0,258.0,,
407,HULL_YYQAICXDE_82418221,Guam,23.0,14.0,18.0,253.0,,
409,HULL_UMF_54338713,Azerbaijan,20.0,14.0,12.0,266.0,,
412,HULL_FRWG_1245767325,India,9.0,7.0,23.0,256.0,,
414,HULL_POHPN_544835864,Burundi,23.0,15.0,5.0,263.0,,
137,HULL_SLY_124641,Indonesia,19.0,21.0,7.0,259.0,,
417,HULL_HQQAAIVMAY_75184,Mauritius,15.0,15.0,14.0,269.0,,
419,HULL_PARBIBQD_1214611,Serbia,24.0,22.0,21.0,265.0,,
810,HULL_NSOGCE_63637,Spain,7.0,9.0,19.0,265.0,,
421,HULL_UCFSKPCB_665546,Ethiopia,9.0,21.0,9.0,252.0,,
424,HULL_KPGCYHCY_686584441,Singapore,21.0,5.0,9.0,256.0,,
426,HULL_LFCSCOIM_442752,Liechtenstein,21.0,7.0,14.0,271.0,,
429,HULL_UELBLCLFMJ_61355268,Cote,5.0,12.0,7.0,268.0,,
431,HULL_PKKQAXLCG_486476,Benin,16.0,8.0,21.0,269.0,,
433,HULL_EYBVLLPCPE_68813867,Tajikistan,11.0,23.0,14.0,267.0,,
436,HULL_IIL_365153715,Barbados,18.0,22.0,5.0,254.0,,
438,HULL_JYQKELTEA_15478,Monaco,10.0,16.0,22.0,269.0,,
440,HULL_MKAIPWUXAD_12866,Lesotho,22.0,7.0,16.0,263.0,,
888,HULL_TPBYAA_85273,Estonia,13.0,17.0,16.0,254.0,,
443,HULL_DJLGGGYPB_413621338,Costa,8.0,9.0,25.0,256.0,,
445,HULL_FJLMM_412256676,Venezuela,6.0,25.0,8.0,261.0,,
448,HULL_NPHT_61334184,Egypt,8.0,8.0,13.0,260.0,,
450,HULL_IRDTEBIMXU_6474837,Indonesia,8.0,5.0,5.0,261.0,,
453,HULL_QDMVTSSSAL_6684421,Spain,5.0,8.0,22.0,252.0,,
458,HULL_QYY_8577123,Slovakia,11.0,12.0,22.0,266.0,,
460,HULL_BBNNO_614,Mauritania,19.0,22.0,6.0,259.0,,
462,HULL_BCWGHONQ_386252,Benin,18.0,19.0,20.0,258.0,,
464,HULL_VPDRCHDJ_6217,Kuwait,21.0,14.0,12.0,269.0,,
466,HULL_JOE_1826653553,Зеландия,12.0,5.0,23.0,263.0,,
469,HULL_KYQRCYXO_18656,Czech,19.0,18.0,24.0,266.0,,
471,HULL_XMCTWKQ_33116,Turkmenistan,21.0,11.0,13.0,258.0,,
474,HULL_RHHD_16512,Singapore,17.0,12.0,25.0,253.0,,
476,HULL_NOTVOM_711866728,Kenya,24.0,20.0,21.0,259.0,,
479,HULL_XQGTI_483814754,Afghanistan,7.0,12.0,19.0,266.0,,
481,HULL_PBQO_2461821,Ethiopia,11.0,11.0,23.0,257.0,,
483,HULL_XJX_17617126,Mozambique,25.0,14.0,5.0,271.0,,
485,HULL_PGUQILFMHO_68715757,Philippines,13.0,8.0,10.0,271.0,,
488,HULL_NTMAHEI_3871414,Nepal,18.0,18.0,14.0,258.0,,
491,HULL_PYYJAJROUB_1184557,Mexico,23.0,13.0,20.0,264.0,,
495,HULL_GGV_1587121453,Denmark,20.0,19.0,9.0,261.0,,
498,HULL_BMNY_772613735,Guinea-Bissau,16.0,24.0,13.0,258.0,,
500,HULL_ITHBHODAK_4828311,Bhutan,23.0,7.0,9.0,262.0,,
502,HULL_GVDLTTJMG_752712326,Libyan,17.0,7.0,21.0,271.0,,
505,HULL_BRKLFD_236353,Nepal,24.0,9.0,20.0,258.0,,
507,HULL_VMNSEEUDXQ_5733685613,Cameroon,22.0,17.0,25.0,256.0,,
509,HULL_XBPFQJM_5868542,Guam,18.0,23.0,24.0,268.0,,
511,HULL_CNKMQ_831147,Macedonia,20.0,25.0,9.0,269.0,,
515,HULL_GVTOESL_444,Algeria,13.0,7.0,14.0,263.0,,
520,HULL_EWA_6814167316,Israel,11.0,20.0,12.0,254.0,,
523,HULL_NUTWP_4713325827,Iran,11.0,11.0,25.0,253.0,,
525,HULL_FIX_2371,Республика,11.0,11.0,11.0,255.0,,
528,HULL_WQBEBPJHQQ_4485854,Lao,14.0,18.0,13.0,251.0,,
529,HULL_ELHPQXCKD_4853478,Brazil,16.0,22.0,12.0,261.0,,
717,HULL_GQMJCM_73147637,Республика,24.0,5.0,11.0,262.0,,
719,HULL_MFWENPJSMD_61856383,India,23.0,6.0,9.0,256.0,,
722,HULL_HSXYJ_74347721,Guadeloupe,24.0,9.0,18.0,257.0,,
724,HULL_YKFVUUAWRG_22441316,Haiti,5.0,18.0,18.0,262.0,,
729,HULL_YCFDXJMRU_1431,Malawi,22.0,16.0,19.0,255.0,,
732,HULL_YVTM_882673312,Lithuania,19.0,22.0,9.0,257.0,,
734,HULL_OVT_678825,Afghanistan,13.0,19.0,9.0,258.0,,
736,HULL_STQEFAEHEK_7282731274,Belgium,5.0,9.0,12.0,269.0,,
741,HULL_HOEMC_654,Poland,21.0,12.0,7.0,258.0,,
745,HULL_VABGJ_8247,Guam,18.0,12.0,7.0,264.0,,
750,HULL_GTGYX_717671237,United,15.0,18.0,10.0,262.0,,
752,HULL_SJD_68287,Jamaica,10.0,25.0,13.0,258.0,,
762,HULL_SDVAG_78732,Jordan,24.0,23.0,23.0,261.0,,
763,HULL_JWSJAGG_37477157,Jordan,15.0,19.0,20.0,264.0,,
25,HULL_DFEGDPTAIG_3848213,Uzbekistan,22.0,19.0,16.0,269.0,,
765,HULL_YYDYUGDBE_15158,Canada,20.0,19.0,9.0,251.0,,
767,HULL_DPBL_86378,Montenegro,15.0,22.0,16.0,251.0,,
769,HULL_EVFJLRJJH_573187,Germany,6.0,16.0,12.0,257.0,,
772,HULL_VNSWWEEV_2671817,Kiribati,22.0,8.0,25.0,263.0,,
774,HULL_XMJHUQC_56737,Australia,14.0,11.0,12.0,266.0,,
777,HULL_LILEUBVMVB_352414525,Austria,23.0,8.0,7.0,255.0,,
779,HULL_TLLJIM_137286,Moldova,22.0,8.0,23.0,265.0,,
782,HULL_KVMXD_8234,Pakistan,5.0,10.0,5.0,267.0,,
784,HULL_EYOGM_87246,Macedonia,13.0,22.0,10.0,253.0,,
786,HULL_ELQSONRMY_47875,Haiti,11.0,13.0,7.0,264.0,,
789,HULL_RKLODU_538441821,Latvia,8.0,7.0,21.0,253.0,,
791,HULL_HJEP_8465762283,San,15.0,10.0,12.0,257.0,,
793,HULL_OBEIAR_46557,Jordan,6.0,11.0,7.0,268.0,,
798,HULL_SXBOVYFEU_67368672,Croatia,25.0,13.0,25.0,266.0,,
800,HULL_HCGWKUI_63358647,Israel,24.0,7.0,13.0,262.0,,
803,HULL_MWQC_1387783372,Bolivia,11.0,10.0,22.0,270.0,,
805,HULL_BDCWBC_215,Panama,5.0,9.0,9.0,265.0,,
757,HULL_JGXTT_283643247,Lebanon,15.0,19.0,11.0,258.0,,
808,HULL_KFJBJXYF_8131287,Lesotho,11.0,8.0,18.0,262.0,,
812,HULL_YEI_2256744,Chad,25.0,6.0,17.0,261.0,,
814,HULL_BHOBBSEIXU_11218,Netherlands,7.0,6.0,25.0,267.0,,
817,HULL_HBPYFAY_18217,Mauritania,23.0,10.0,6.0,262.0,,
819,HULL_DLHTOC_17767188,Qatar,13.0,22.0,13.0,256.0,,
822,HULL_XGNB_554,Botswana,22.0,6.0,22.0,264.0,,
824,HULL_UNTLR_265,Kuwait,9.0,6.0,16.0,256.0,,
826,HULL_ORUGYWYYS_5581665,San,20.0,18.0,14.0,264.0,,
828,HULL_BWQVYTQIDQ_8668565473,Liberia,13.0,5.0,18.0,252.0,,
831,HULL_RLGUCHCSMM_4161412,Austria,11.0,19.0,25.0,266.0,,
833,HULL_XPFATHKPH_66655537,India,5.0,12.0,24.0,270.0,,
836,HULL_MTYS_437,Jamaica,25.0,7.0,8.0,260.0,,
838,HULL_EGC_44828,Denmark,25.0,20.0,17.0,264.0,,
842,HULL_EXRIBQ_861821835,острова,5.0,25.0,10.0,251.0,,
845,HULL_LIIYO_2212335,Slovenia,6.0,12.0,6.0,266.0,,
848,HULL_LBVN_54474814,Ukraine,19.0,17.0,20.0,263.0,,
850,HULL_WSGRISKCBP_4858,Namibia,19.0,25.0,24.0,264.0,,
852,HULL_GMTW_512,Barbados,17.0,7.0,11.0,263.0,,
857,HULL_MYLXJAAF_1266,Belize,7.0,19.0,22.0,255.0,,
863,HULL_CXYOUAJQHJ_734118283,Bhutan,19.0,24.0,20.0,255.0,,
866,HULL_WWR_176415133,Estonia,19.0,11.0,8.0,266.0,,
868,HULL_OVJDHPE_8658,Lithuania,14.0,11.0,7.0,269.0,,
870,HULL_NUGH_7348272182,Honduras,6.0,24.0,8.0,258.0,,
873,HULL_JVYEYCTA_13672573,Colombia,13.0,23.0,18.0,264.0,,
875,HULL_SPB_4556854,Bulgaria,21.0,21.0,11.0,268.0,,
213,HULL_CEETI_381424,Libyan,6.0,14.0,11.0,260.0,,
960,HULL_OQMMYEHW_1686118427,Kuwait,10.0,20.0,13.0,258.0,,
963,HULL_DDVLNXGQS_68745824,Cambodia,20.0,6.0,14.0,259.0,,
965,HULL_WNAGSVH_545674873,Lao,24.0,12.0,12.0,252.0,,
967,HULL_GCWQXO_664274572,Ghana,9.0,24.0,24.0,267.0,,
969,HULL_KGKCPFLB_86377575,Russia,19.0,21.0,9.0,267.0,,
972,HULL_FJIRUO_4425774814,Cuba,6.0,12.0,17.0,269.0,,
974,HULL_IAOTC_1616,Canada,8.0,23.0,23.0,267.0,,
976,HULL_XKSK_8377152872,Bolivia,11.0,11.0,10.0,260.0,,
979,HULL_FEBEDP_388437625,Serbia,23.0,10.0,25.0,260.0,,
981,HULL_KVSPMCJE_6454644115,United,6.0,20.0,18.0,253.0,,
984,HULL_TSLON_14275,Thailand,11.0,25.0,13.0,263.0,,
127,HULL_GQQIIYU_817143731,Lithuania,22.0,13.0,23.0,255.0,,
16,HULL_NTT_82674625,Italy,24.0,8.0,20.0,1802.9560546875,,
131,HULL_TSW_8567753,Pakistan,18.0,10.0,18.0,253.0,,
133,HULL_EYBLLDQ_357731,Tanzania,20.0,14.0,23.0,258.0,,
134,HULL_VJTRGBW_111,San,21.0,19.0,20.0,253.0,,
7,HULL_LFNXTXSIFN_5485353354,Lithuania,14.0,11.0,9.0,254.0,,
9,HULL_FIRDMHJG_757124,Nigeria,24.0,11.0,7.0,255.0,,
892,HULL_WIMSUYPGPO_176143334,Vatican,15.0,10.0,9.0,271.0,,
896,HULL_GEHVWKWOV_2226763,Jamaica,8.0,13.0,24.0,253.0,,
899,HULL_MWC_1285621437,Республика,23.0,18.0,6.0,255.0,,
903,HULL_QSW_428672226,Venezuela,14.0,15.0,5.0,260.0,,
17,HULL_CEOSJCD_2666144185,Zambia,20.0,14.0,22.0,265.0,,
19,HULL_CJLXFF_4234322551,Liberia,25.0,7.0,22.0,264.0,,
390,HULL_ABWSJWUHEL_5782243,Botswana,21.0,15.0,20.0,256.0,,
207,HULL_FSWLL_783247431,Brazil,8.0,19.0,9.0,251.0,,
198,HULL_GAHUKEUV_47164818,Hong,20.0,20.0,15.0,255.0,,
410,HULL_NQUUW_5387871,Japan,9.0,7.0,24.0,264.0,,
541,HULL_EMEJP_2884,Turkmenistan,21.0,12.0,25.0,269.0,,
743,HULL_ICF_713,Brunei,21.0,23.0,12.0,262.0,,
982,HULL_BUDLWXNBLX_37526555,Ghana,21.0,15.0,12.0,265.0,,
983,HULL_BVP_223655577,Chad,5.0,23.0,15.0,262.0,,
985,HULL_FORQ_68416,Zimbabwe,20.0,25.0,24.0,263.0,,
987,HULL_TKFTHHEQVY_153,Зеландия,8.0,8.0,21.0,269.0,,
518,HULL_RLMEIGVSW_8551281713,Madagascar,12.0,13.0,21.0,256.0,,
616,HULL_WOAREVFLNC_468148844,Indonesia,12.0,14.0,23.0,260.0,,
3,HULL_PXWHIUPD_35516,Qatar,14.0,8.0,12.0,265.0,,
538,HULL_CEIYFJJQ_277855435,Mongolia,23.0,11.0,13.0,262.0,,
540,HULL_CIX_77268534,Mauritius,14.0,10.0,7.0,251.0,,
542,HULL_MPIBFSGGJY_7445752471,Cameroon,7.0,21.0,17.0,258.0,,
543,HULL_SBFX_85444567,Yemen,9.0,12.0,25.0,260.0,,
486,HULL_GHUAKDCLYK_7157565311,Lebanon,11.0,13.0,12.0,259.0,,
487,HULL_UUYMU_163852,Hong,14.0,18.0,21.0,251.0,,
489,HULL_AILRATJ_28353182,San,21.0,19.0,24.0,260.0,,
534,HULL_MHIIMS_225411,Anguilla,24.0,18.0,23.0,271.0,,
537,HULL_GSIVUJ_827,Aruba,16.0,23.0,16.0,260.0,,
539,HULL_RDMBO_2746262735,Bolivia,15.0,19.0,24.0,264.0,,
68,HULL_IHYJKXHPRM_73685158,Tanzania,11.0,17.0,17.0,269.0,,
69,HULL_RJGAXW_8233131157,Mali,8.0,15.0,20.0,253.0,,
71,HULL_TQINJI_666,Andorra,9.0,24.0,24.0,260.0,,
73,HULL_KPYTG_5662,Estonia,19.0,21.0,9.0,255.0,,
595,HULL_IUI_31613,Belarus,14.0,16.0,18.0,268.0,,
690,HULL_VIYHL_385,Lebanon,9.0,9.0,22.0,258.0,,
83,HULL_FTDYE_846328,Mongolia,10.0,23.0,10.0,262.0,,
532,HULL_HBCRGL_363,Viet,25.0,8.0,13.0,271.0,,
572,HULL_VXAYO_2621,Bahrain,24.0,6.0,14.0,266.0,,
26,HULL_HPSJVCHWNX_584,Namibia,8.0,22.0,20.0,267.0,,
65,HULL_SCVIVS_5255,Niger,13.0,17.0,6.0,263.0,,
67,HULL_RKCG_16338,Indonesia,6.0,22.0,22.0,251.0,,
70,HULL_BEPDHYSKOE_514725555,Croatia,23.0,5.0,11.0,269.0,,
72,HULL_UGCCVEQGGV_751336,Guinea,15.0,9.0,21.0,254.0,,
74,HULL_VSFYABBQ_1173313128,Burundi,16.0,17.0,17.0,260.0,,
77,HULL_OMQRIPFBI_1713,Uruguay,19.0,18.0,17.0,262.0,,
27,HULL_DKUSNE_26446446,Grenada,23.0,18.0,20.0,253.0,,
57,HULL_QWRIYL_6655,Romania,10.0,9.0,21.0,263.0,,
59,HULL_USVLJYMYFX_4318,Armenia,23.0,22.0,8.0,269.0,,
61,HULL_ULID_56663564,Israel,8.0,13.0,13.0,269.0,,
62,HULL_JUNOCUCOA_526573,Bahrain,23.0,7.0,21.0,253.0,,
64,HULL_IDAMUQUQW_46722128,Gambia,14.0,19.0,7.0,252.0,,
513,HULL_DNNFJ_328,Angola,6.0,23.0,6.0,267.0,,
727,HULL_QKLGW_417236354,Malawi,21.0,8.0,23.0,267.0,,
66,HULL_WXH_1455134548,Lithuania,5.0,14.0,22.0,261.0,,
560,HULL_FCUT_2827775737,Grenada,8.0,11.0,25.0,267.0,,
563,HULL_HWOMLHVW_4652,Egypt,23.0,16.0,6.0,258.0,,
565,HULL_BDOQ_6818721,Lao,12.0,17.0,6.0,269.0,,
878,HULL_UMJKCM_163573163,Russia,25.0,6.0,5.0,251.0,,
778,HULL_VBKUUCDXT_378226,Haiti,9.0,15.0,17.0,253.0,,
101,HULL_WQOSO_5661277,Chad,5.0,5.0,15.0,264.0,,
517,HULL_GWVFAC_45313,Benin,9.0,7.0,23.0,251.0,,
449,HULL_LHEUCFUQ_2557124367,Guinea-Bissau,16.0,24.0,17.0,254.0,,
455,HULL_GNQLPNJYYD_753856358,Costa,7.0,21.0,23.0,261.0,,
602,HULL_FCA_3214652547,Haiti,10.0,18.0,6.0,251.0,,
117,HULL_QFEGCF_1762,Bolivia,17.0,15.0,20.0,259.0,,
24,HULL_NFHXJLVMH_738683,Armenia,10.0,7.0,13.0,271.0,,
544,HULL_BMNGFQJW_464,Moldova,15.0,5.0,23.0,270.0,,
546,HULL_FBVPTRHGGY_464467,Croatia,5.0,5.0,8.0,268.0,,
549,HULL_ECDEJXC_434627578,Guadeloupe,10.0,14.0,5.0,266.0,,
551,HULL_NUJJUIV_1563441,Bangladesh,15.0,21.0,24.0,265.0,,
553,HULL_BLQ_168658,Maldives,8.0,11.0,9.0,265.0,,
187,HULL_HKHBRK_2887,United,12.0,15.0,11.0,255.0,,
997,HULL_GWNO_477618778,Haiti,13.0,9.0,9.0,266.0,,
961,HULL_CPY_61346375,Tunisia,16.0,7.0,22.0,251.0,,
962,HULL_GLOIWNYCR_374,Czech,23.0,15.0,6.0,256.0,,
420,HULL_GPPON_62164,Ethiopia,23.0,23.0,9.0,251.0,,
748,HULL_SUV_462736,Gambia,12.0,9.0,15.0,251.0,,
964,HULL_HXTBGIE_353,Guatemala,16.0,21.0,18.0,266.0,,
966,HULL_VCC_8551,Bahrain,24.0,22.0,6.0,259.0,,
579,HULL_SXWQCCKHGQ_21536731,Ukraine,6.0,7.0,23.0,254.0,,
581,HULL_IGAFKG_2711656124,Malawi,15.0,5.0,15.0,265.0,,
33,HULL_EYFNPOTS_652342,Macedonia,18.0,5.0,13.0,270.0,,
53,HULL_GBUYKWSI_318,Guinea-Bissau,13.0,19.0,11.0,270.0,,
56,HULL_LRJGGVCNT_547,Australia,23.0,17.0,5.0,263.0,,
202,HULL_KDKWUJWDOP_67521216,Guam,18.0,23.0,8.0,259.0,,
204,HULL_UDDPCE_1856577584,Maldives,6.0,18.0,8.0,258.0,,
161,HULL_MYRWVK_73632,Italy,15.0,17.0,19.0,1975.951171875,,
613,HULL_OJRHMTUQRL_56164876,Serbia,8.0,7.0,17.0,258.0,,
788,HULL_KLGD_851,India,25.0,5.0,8.0,261.0,,
242,HULL_SBYT_4145544,United,5.0,15.0,5.0,269.0,,
617,HULL_NGEA_241755376,Vatican,6.0,13.0,8.0,269.0,,
367,HULL_ORKMAXDJG_32557,Hong,10.0,7.0,5.0,259.0,,
905,HULL_DWB_6651,Benin,7.0,15.0,20.0,269.0,,
531,HULL_RPX_225,India,19.0,16.0,7.0,265.0,,
697,HULL_LAPGNWG_745722532,Bangladesh,9.0,10.0,25.0,252.0,,
995,HULL_WRAQNBCD_77553,Zambia,24.0,22.0,19.0,266.0,,
859,HULL_VPP_853664,USA,15.0,16.0,22.0,261.0,,
692,HULL_VEFJ_58386,Bahrain,19.0,9.0,25.0,255.0,,
695,HULL_YHOAFOEEHV_5258,Turkmenistan,23.0,10.0,6.0,254.0,,
592,HULL_WXB_8528757,Madagascar,7.0,7.0,16.0,251.0,,
234,HULL_HRBK_4761313728,Peru,9.0,13.0,11.0,263.0,,
42,HULL_NTD_81317748,Russia,14.0,6.0,16.0,252.0,,
880,HULL_MUASNLH_31465272,Albania,25.0,16.0,14.0,252.0,,
882,HULL_JTIQMECE_5262142722,Kenya,14.0,13.0,13.0,266.0,,
885,HULL_SKOVMO_3183331,Azerbaijan,7.0,5.0,6.0,265.0,,
887,HULL_CJXSTANKM_245,Lithuania,17.0,14.0,16.0,266.0,,
890,HULL_EEPNVKJOMB_486277542,острова,25.0,16.0,7.0,268.0,,
988,HULL_ELLTWWHN_245147,Poland,22.0,17.0,23.0,269.0,,
990,HULL_VFOWHQ_1552338,Belize,18.0,6.0,13.0,268.0,,
992,HULL_HGK_86346,Russia,24.0,25.0,9.0,262.0,,
994,HULL_NIHMWNCW_817,Peru,22.0,5.0,11.0,261.0,,
282,HULL_COVN_361,Cote,16.0,11.0,12.0,265.0,,
339,HULL_XYNHP_33136,Qatar,21.0,19.0,9.0,265.0,,
63,HULL_XSK_55158,Switzerland,16.0,23.0,9.0,266.0,,
249,HULL_NGHSJUK_14717,Greece,10.0,16.0,12.0,271.0,,
902,HULL_HOP_32485,Oman,22.0,24.0,7.0,270.0,,
193,HULL_YTKSARTLQ_63255253,Liechtenstein,8.0,20.0,15.0,263.0,,
273,HULL_OYDTWXV_7538,Armenia,22.0,12.0,13.0,260.0,,
980,HULL_KMBNCWPIX_4454,Gambia,8.0,18.0,18.0,265.0,,
29,HULL_IJB_653,Yemen,6.0,11.0,8.0,255.0,,
527,HULL_ELE_364,Israel,11.0,5.0,25.0,268.0,,
274,HULL_ACMVHG_415571,Cyprus,13.0,15.0,14.0,264.0,,
185,HULL_JWQADIJTKQ_14557,Oman,17.0,13.0,11.0,260.0,,
591,HULL_EGM_24416156,Jordan,23.0,10.0,13.0,266.0,,
375,HULL_GGBPIL_187531,Slovenia,9.0,13.0,12.0,260.0,,
597,HULL_GOGTQ_6853378345,Qatar,10.0,13.0,9.0,264.0,,
370,HULL_CFCMP_778,Lao,21.0,19.0,15.0,251.0,,
